Time_Step,Body1_X,Body1_Y,Body2_X,Body2_Y,Body3_X,Body3_Y
0.000000,0.000000,0.000000,-0.000000,-0.000000,0.000000,0.000000
0.006289,0.006289,0.006289,-0.006289,-0.006289,0.000000,0.000000
0.012579,0.012579,0.012578,-0.012579,-0.012578,0.000000,0.000000
0.018868,0.018867,0.018864,-0.018867,-0.018864,0.000000,0.000000
0.025158,0.025155,0.025147,-0.025155,-0.025147,0.000000,0.000000
0.031447,0.031442,0.031427,-0.031442,-0.031427,0.000000,0.000000
0.037737,0.037728,0.037701,-0.037728,-0.037701,0.000000,0.000000
0.044026,0.044012,0.043969,-0.044012,-0.043969,0.000000,0.000000
0.050316,0.050295,0.050231,-0.050295,-0.050231,0.000000,0.000000
0.056605,0.056575,0.056484,-0.056575,-0.056484,0.000000,0.000000
0.062895,0.062853,0.062729,-0.062853,-0.062729,0.000000,0.000000
0.069184,0.069129,0.068964,-0.069129,-0.068964,0.000000,0.000000
0.075474,0.075402,0.075187,-0.075402,-0.075187,0.000000,0.000000
0.081763,0.081672,0.081399,-0.081672,-0.081399,0.000000,0.000000
0.088053,0.087939,0.087598,-0.087939,-0.087598,0.000000,0.000000
0.094342,0.094202,0.093783,-0.094202,-0.093783,0.000000,0.000000
0.100632,0.100462,0.099954,-0.100462,-0.099954,0.000000,0.000000
0.106921,0.106717,0.106108,-0.106717,-0.106108,0.000000,0.000000
0.113211,0.112969,0.112246,-0.112969,-0.112246,0.000000,0.000000
0.119500,0.119216,0.118366,-0.119216,-0.118366,0.000000,0.000000
0.125789,0.125458,0.124467,-0.125458,-0.124467,0.000000,0.000000
0.132079,0.131695,0.130548,-0.131695,-0.130548,0.000000,0.000000
0.138368,0.137927,0.136609,-0.137927,-0.136609,0.000000,0.000000
0.144658,0.144154,0.142648,-0.144154,-0.142648,0.000000,0.000000
0.150947,0.150375,0.148665,-0.150375,-0.148665,0.000000,0.000000
0.157237,0.156590,0.154658,-0.156590,-0.154658,0.000000,0.000000
0.163526,0.162799,0.160627,-0.162799,-0.160627,0.000000,0.000000
0.169816,0.169001,0.166570,-0.169001,-0.166570,0.000000,0.000000
0.176105,0.175196,0.172487,-0.175196,-0.172487,0.000000,0.000000
0.182395,0.181385,0.178376,-0.181385,-0.178376,0.000000,0.000000
0.188684,0.187567,0.184238,-0.187567,-0.184238,0.000000,0.000000
0.194974,0.193741,0.190070,-0.193741,-0.190070,0.000000,0.000000
0.201263,0.199907,0.195872,-0.199907,-0.195872,0.000000,0.000000
0.207553,0.206066,0.201643,-0.206066,-0.201643,0.000000,0.000000
0.213842,0.212216,0.207382,-0.212216,-0.207382,0.000000,0.000000
0.220132,0.218358,0.213089,-0.218358,-0.213089,0.000000,0.000000
0.226421,0.224491,0.218762,-0.224491,-0.218762,0.000000,0.000000
0.232711,0.230616,0.224400,-0.230616,-0.224400,0.000000,0.000000
0.239000,0.236731,0.230002,-0.236731,-0.230002,0.000000,0.000000
0.245290,0.242837,0.235568,-0.242837,-0.235568,0.000000,0.000000
0.251579,0.248934,0.241097,-0.248934,-0.241097,0.000000,0.000000
0.257868,0.255020,0.246588,-0.255020,-0.246588,0.000000,0.000000
0.264158,0.261097,0.252040,-0.261097,-0.252040,0.000000,0.000000
0.270447,0.267163,0.257452,-0.267163,-0.257452,0.000000,0.000000
0.276737,0.273218,0.262823,-0.273218,-0.262823,0.000000,0.000000
0.283026,0.279263,0.268152,-0.279263,-0.268152,0.000000,0.000000
0.289316,0.285297,0.273439,-0.285297,-0.273439,0.000000,0.000000
0.295605,0.291319,0.278683,-0.291319,-0.278683,0.000000,0.000000
0.301895,0.297330,0.283883,-0.297330,-0.283883,0.000000,0.000000
0.308184,0.303329,0.289038,-0.303329,-0.289038,0.000000,0.000000
0.314474,0.309316,0.294147,-0.309316,-0.294147,0.000000,0.000000
0.320763,0.315291,0.299210,-0.315291,-0.299210,0.000000,0.000000
0.327053,0.321253,0.304225,-0.321253,-0.304225,0.000000,0.000000
0.333342,0.327203,0.309192,-0.327203,-0.309192,0.000000,0.000000
0.339632,0.333140,0.314110,-0.333140,-0.314110,0.000000,0.000000
0.345921,0.339063,0.318978,-0.339063,-0.318978,0.000000,0.000000
0.352211,0.344974,0.323796,-0.344974,-0.323796,0.000000,0.000000
0.358500,0.350870,0.328563,-0.350870,-0.328563,0.000000,0.000000
0.364790,0.356753,0.333278,-0.356753,-0.333278,0.000000,0.000000
0.371079,0.362621,0.337940,-0.362621,-0.337940,0.000000,0.000000
0.377368,0.368475,0.342549,-0.368475,-0.342549,0.000000,0.000000
0.383658,0.374315,0.347103,-0.374315,-0.347103,0.000000,0.000000
0.389947,0.380140,0.351602,-0.380140,-0.351602,0.000000,0.000000
0.396237,0.385950,0.356046,-0.385950,-0.356046,0.000000,0.000000
0.402526,0.391744,0.360434,-0.391744,-0.360434,0.000000,0.000000
0.408816,0.397523,0.364764,-0.397523,-0.364764,0.000000,0.000000
0.415105,0.403286,0.369037,-0.403286,-0.369037,0.000000,0.000000
0.421395,0.409034,0.373251,-0.409034,-0.373251,0.000000,0.000000
0.427684,0.414765,0.377406,-0.414765,-0.377406,0.000000,0.000000
0.433974,0.420480,0.381502,-0.420480,-0.381502,0.000000,0.000000
0.440263,0.426178,0.385537,-0.426178,-0.385537,0.000000,0.000000
0.446553,0.431859,0.389511,-0.431859,-0.389511,0.000000,0.000000
0.452842,0.437523,0.393424,-0.437523,-0.393424,0.000000,0.000000
0.459132,0.443170,0.397274,-0.443170,-0.397274,0.000000,0.000000
0.465421,0.448799,0.401062,-0.448799,-0.401062,0.000000,0.000000
0.471711,0.454411,0.404786,-0.454411,-0.404786,0.000000,0.000000
0.478000,0.460004,0.408446,-0.460004,-0.408446,0.000000,0.000000
0.484290,0.465580,0.412041,-0.465580,-0.412041,0.000000,0.000000
0.490579,0.471137,0.415571,-0.471137,-0.415571,0.000000,0.000000
0.496869,0.476675,0.419035,-0.476675,-0.419035,0.000000,0.000000
0.503158,0.482195,0.422433,-0.482195,-0.422433,0.000000,0.000000
0.509447,0.487695,0.425765,-0.487695,-0.425765,0.000000,0.000000
0.515737,0.493176,0.429028,-0.493176,-0.429028,0.000000,0.000000
0.522026,0.498638,0.432224,-0.498638,-0.432224,0.000000,0.000000
0.528316,0.504080,0.435352,-0.504080,-0.435352,0.000000,0.000000
0.534605,0.509502,0.438411,-0.509502,-0.438411,0.000000,0.000000
0.540895,0.514903,0.441400,-0.514903,-0.441400,0.000000,0.000000
0.547184,0.520285,0.444319,-0.520285,-0.444319,0.000000,0.000000
0.553474,0.525646,0.447169,-0.525646,-0.447169,0.000000,0.000000
0.559763,0.530986,0.449947,-0.530986,-0.449947,0.000000,0.000000
0.566053,0.536305,0.452654,-0.536305,-0.452654,0.000000,0.000000
0.572342,0.541602,0.455290,-0.541602,-0.455290,0.000000,0.000000
0.578632,0.546879,0.457853,-0.546879,-0.457853,0.000000,0.000000
0.584921,0.552134,0.460345,-0.552134,-0.460345,0.000000,0.000000
0.591211,0.557367,0.462763,-0.557367,-0.462763,0.000000,0.000000
0.597500,0.562577,0.465108,-0.562577,-0.465108,0.000000,0.000000
0.603790,0.567766,0.467379,-0.567766,-0.467379,0.000000,0.000000
0.610079,0.572932,0.469577,-0.572932,-0.469577,0.000000,0.000000
0.616369,0.578076,0.471700,-0.578076,-0.471700,0.000000,0.000000
0.622658,0.583196,0.473749,-0.583196,-0.473749,0.000000,0.000000
0.628947,0.588294,0.475722,-0.588294,-0.475722,0.000000,0.000000
0.635237,0.593368,0.477621,-0.593368,-0.477621,0.000000,0.000000
0.641526,0.598419,0.479443,-0.598419,-0.479443,0.000000,0.000000
0.647816,0.603446,0.481190,-0.603446,-0.481190,0.000000,0.000000
0.654105,0.608450,0.482861,-0.608450,-0.482861,0.000000,0.000000
0.660395,0.613429,0.484455,-0.613429,-0.484455,0.000000,0.000000
0.666684,0.618384,0.485973,-0.618384,-0.485973,0.000000,0.000000
0.672974,0.623314,0.487414,-0.623314,-0.487414,0.000000,0.000000
0.679263,0.628220,0.488778,-0.628220,-0.488778,0.000000,0.000000
0.685553,0.633101,0.490064,-0.633101,-0.490064,0.000000,0.000000
0.691842,0.637957,0.491273,-0.637957,-0.491273,0.000000,0.000000
0.698132,0.642788,0.492404,-0.642788,-0.492404,0.000000,0.000000
0.704421,0.647593,0.493457,-0.647593,-0.493457,0.000000,0.000000
0.710711,0.652373,0.494432,-0.652373,-0.494432,0.000000,0.000000
0.717000,0.657126,0.495329,-0.657126,-0.495329,0.000000,0.000000
0.723290,0.661854,0.496147,-0.661854,-0.496147,0.000000,0.000000
0.729579,0.666556,0.496887,-0.666556,-0.496887,0.000000,0.000000
0.735869,0.671231,0.497549,-0.671231,-0.497549,0.000000,0.000000
0.742158,0.675880,0.498131,-0.675880,-0.498131,0.000000,0.000000
0.748447,0.680502,0.498635,-0.680502,-0.498635,0.000000,0.000000
0.754737,0.685097,0.499060,-0.685097,-0.499060,0.000000,0.000000
0.761026,0.689665,0.499406,-0.689665,-0.499406,0.000000,0.000000
0.767316,0.694206,0.499673,-0.694206,-0.499673,0.000000,0.000000
0.773605,0.698719,0.499861,-0.698719,-0.499861,0.000000,0.000000
0.779895,0.703205,0.499970,-0.703205,-0.499970,0.000000,0.000000
0.786184,0.707662,0.499999,-0.707662,-0.499999,0.000000,0.000000
0.792474,0.712092,0.499950,-0.712092,-0.499950,0.000000,0.000000
0.798763,0.716494,0.499821,-0.716494,-0.499821,0.000000,0.000000
0.805053,0.720867,0.499614,-0.720867,-0.499614,0.000000,0.000000
0.811342,0.725212,0.499327,-0.725212,-0.499327,0.000000,0.000000
0.817632,0.729528,0.498961,-0.729528,-0.498961,0.000000,0.000000
0.823921,0.733815,0.498517,-0.733815,-0.498517,0.000000,0.000000
0.830211,0.738074,0.497993,-0.738074,-0.497993,0.000000,0.000000
0.836500,0.742303,0.497391,-0.742303,-0.497391,0.000000,0.000000
0.842790,0.746502,0.496710,-0.746502,-0.496710,0.000000,0.000000
0.849079,0.750672,0.495950,-0.750672,-0.495950,0.000000,0.000000
0.855369,0.754813,0.495112,-0.754813,-0.495112,0.000000,0.000000
0.861658,0.758923,0.494196,-0.758923,-0.494196,0.000000,0.000000
0.867948,0.763004,0.493201,-0.763004,-0.493201,0.000000,0.000000
0.874237,0.767054,0.492128,-0.767054,-0.492128,0.000000,0.000000
0.880526,0.771074,0.490978,-0.771074,-0.490978,0.000000,0.000000
0.886816,0.775064,0.489750,-0.775064,-0.489750,0.000000,0.000000
0.893105,0.779023,0.488444,-0.779023,-0.488444,0.000000,0.000000
0.899395,0.782951,0.487061,-0.782951,-0.487061,0.000000,0.000000
0.905684,0.786848,0.485601,-0.786848,-0.485601,0.000000,0.000000
0.911974,0.790714,0.484064,-0.790714,-0.484064,0.000000,0.000000
0.918263,0.794548,0.482450,-0.794548,-0.482450,0.000000,0.000000
0.924553,0.798352,0.480761,-0.798352,-0.480761,0.000000,0.000000
0.930842,0.802123,0.478995,-0.802123,-0.478995,0.000000,0.000000
0.937132,0.805863,0.477153,-0.805863,-0.477153,0.000000,0.000000
0.943421,0.809571,0.475236,-0.809571,-0.475236,0.000000,0.000000
0.949711,0.813247,0.473243,-0.813247,-0.473243,0.000000,0.000000
0.956000,0.816891,0.471176,-0.816891,-0.471176,0.000000,0.000000
0.962290,0.820503,0.469034,-0.820503,-0.469034,0.000000,0.000000
0.968579,0.824082,0.466818,-0.824082,-0.466818,0.000000,0.000000
0.974869,0.827628,0.464528,-0.827628,-0.464528,0.000000,0.000000
0.981158,0.831142,0.462165,-0.831142,-0.462165,0.000000,0.000000
0.987448,0.834623,0.459729,-0.834623,-0.459729,0.000000,0.000000
0.993737,0.838071,0.457219,-0.838071,-0.457219,0.000000,0.000000
1.000026,0.841485,0.454638,-0.841485,-0.454638,0.000000,0.000000
1.006316,0.844867,0.451984,-0.844867,-0.451984,0.000000,0.000000
1.012605,0.848215,0.449259,-0.848215,-0.449259,0.000000,0.000000
1.018895,0.851529,0.446463,-0.851529,-0.446463,0.000000,0.000000
1.025184,0.854810,0.443596,-0.854810,-0.443596,0.000000,0.000000
1.031474,0.858057,0.440659,-0.858057,-0.440659,0.000000,0.000000
1.037763,0.861270,0.437652,-0.861270,-0.437652,0.000000,0.000000
1.044053,0.864449,0.434576,-0.864449,-0.434576,0.000000,0.000000
1.050342,0.867593,0.431432,-0.867593,-0.431432,0.000000,0.000000
1.056632,0.870704,0.428219,-0.870704,-0.428219,0.000000,0.000000
1.062921,0.873780,0.424938,-0.873780,-0.424938,0.000000,0.000000
1.069211,0.876821,0.421590,-0.876821,-0.421590,0.000000,0.000000
1.075500,0.879828,0.418175,-0.879828,-0.418175,0.000000,0.000000
1.081790,0.882800,0.414695,-0.882800,-0.414695,0.000000,0.000000
1.088079,0.885737,0.411148,-0.885737,-0.411148,0.000000,0.000000
1.094369,0.888639,0.407537,-0.888639,-0.407537,0.000000,0.000000
1.100658,0.891506,0.403861,-0.891506,-0.403861,0.000000,0.000000
1.106948,0.894337,0.400121,-0.894337,-0.400121,0.000000,0.000000
1.113237,0.897133,0.396317,-0.897133,-0.396317,0.000000,0.000000
1.119527,0.899894,0.392452,-0.899894,-0.392452,0.000000,0.000000
1.125816,0.902619,0.388523,-0.902619,-0.388523,0.000000,0.000000
1.132105,0.905308,0.384534,-0.905308,-0.384534,0.000000,0.000000
1.138395,0.907962,0.380484,-0.907962,-0.380484,0.000000,0.000000
1.144684,0.910580,0.376373,-0.910580,-0.376373,0.000000,0.000000
1.150974,0.913161,0.372203,-0.913161,-0.372203,0.000000,0.000000
1.157263,0.915707,0.367974,-0.915707,-0.367974,0.000000,0.000000
1.163553,0.918216,0.363687,-0.918216,-0.363687,0.000000,0.000000
1.169842,0.920689,0.359342,-0.920689,-0.359342,0.000000,0.000000
1.176132,0.923126,0.354940,-0.923126,-0.354940,0.000000,0.000000
1.182421,0.925526,0.350483,-0.925526,-0.350483,0.000000,0.000000
1.188711,0.927889,0.345969,-0.927889,-0.345969,0.000000,0.000000
1.195000,0.930216,0.341401,-0.930216,-0.341401,0.000000,0.000000
1.201290,0.932506,0.336779,-0.932506,-0.336779,0.000000,0.000000
1.207579,0.934759,0.332104,-0.934759,-0.332104,0.000000,0.000000
1.213869,0.936975,0.327376,-0.936975,-0.327376,0.000000,0.000000
1.220158,0.939154,0.322597,-0.939154,-0.322597,0.000000,0.000000
1.226448,0.941296,0.317766,-0.941296,-0.317766,0.000000,0.000000
1.232737,0.943400,0.312885,-0.943400,-0.312885,0.000000,0.000000
1.239027,0.945467,0.307955,-0.945467,-0.307955,0.000000,0.000000
1.245316,0.947497,0.302975,-0.947497,-0.302975,0.000000,0.000000
1.251605,0.949490,0.297948,-0.949490,-0.297948,0.000000,0.000000
1.257895,0.951444,0.292874,-0.951444,-0.292874,0.000000,0.000000
1.264184,0.953362,0.287753,-0.953362,-0.287753,0.000000,0.000000
1.270474,0.955241,0.282587,-0.955241,-0.282587,0.000000,0.000000
1.276763,0.957083,0.277376,-0.957083,-0.277376,0.000000,0.000000
1.283053,0.958887,0.272122,-0.958887,-0.272122,0.000000,0.000000
1.289342,0.960653,0.266824,-0.960653,-0.266824,0.000000,0.000000
1.295632,0.962381,0.261484,-0.962381,-0.261484,0.000000,0.000000
1.301921,0.964070,0.256102,-0.964070,-0.256102,0.000000,0.000000
1.308211,0.965722,0.250681,-0.965722,-0.250681,0.000000,0.000000
1.314500,0.967336,0.245219,-0.967336,-0.245219,0.000000,0.000000
1.320790,0.968911,0.239719,-0.968911,-0.239719,0.000000,0.000000
1.327079,0.970448,0.234180,-0.970448,-0.234180,0.000000,0.000000
1.333369,0.971946,0.228605,-0.971946,-0.228605,0.000000,0.000000
1.339658,0.973406,0.222993,-0.973406,-0.222993,0.000000,0.000000
1.345948,0.974828,0.217347,-0.974828,-0.217347,0.000000,0.000000
1.352237,0.976211,0.211665,-0.976211,-0.211665,0.000000,0.000000
1.358527,0.977555,0.205951,-0.977555,-0.205951,0.000000,0.000000
1.364816,0.978861,0.200203,-0.978861,-0.200203,0.000000,0.000000
1.371106,0.980128,0.194424,-0.980128,-0.194424,0.000000,0.000000
1.377395,0.981356,0.188615,-0.981356,-0.188615,0.000000,0.000000
1.383684,0.982546,0.182775,-0.982546,-0.182775,0.000000,0.000000
1.389974,0.983696,0.176907,-0.983696,-0.176907,0.000000,0.000000
1.396263,0.984808,0.171010,-0.984808,-0.171010,0.000000,0.000000
1.402553,0.985880,0.165087,-0.985880,-0.165087,0.000000,0.000000
1.408842,0.986914,0.159137,-0.986914,-0.159137,0.000000,0.000000
1.415132,0.987909,0.153162,-0.987909,-0.153162,0.000000,0.000000
1.421421,0.988864,0.147163,-0.988864,-0.147163,0.000000,0.000000
1.427711,0.989781,0.141141,-0.989781,-0.141141,0.000000,0.000000
1.434000,0.990658,0.135096,-0.990658,-0.135096,0.000000,0.000000
1.440290,0.991496,0.129030,-0.991496,-0.129030,0.000000,0.000000
1.446579,0.992295,0.122943,-0.992295,-0.122943,0.000000,0.000000
1.452869,0.993055,0.116837,-0.993055,-0.116837,0.000000,0.000000
1.459158,0.993775,0.110713,-0.993775,-0.110713,0.000000,0.000000
1.465448,0.994456,0.104571,-0.994456,-0.104571,0.000000,0.000000
1.471737,0.995098,0.098412,-0.995098,-0.098412,0.000000,0.000000
1.478027,0.995700,0.092238,-0.995700,-0.092238,0.000000,0.000000
1.484316,0.996263,0.086050,-0.996263,-0.086050,0.000000,0.000000
1.490606,0.996786,0.079847,-0.996786,-0.079847,0.000000,0.000000
1.496895,0.997271,0.073633,-0.997271,-0.073633,0.000000,0.000000
1.503184,0.997715,0.067406,-0.997715,-0.067406,0.000000,0.000000
1.509474,0.998120,0.061169,-0.998120,-0.061169,0.000000,0.000000
1.515763,0.998486,0.054922,-0.998486,-0.054922,0.000000,0.000000
1.522053,0.998812,0.048666,-0.998812,-0.048666,0.000000,0.000000
1.528342,0.999099,0.042403,-0.999099,-0.042403,0.000000,0.000000
1.534632,0.999346,0.036133,-0.999346,-0.036133,0.000000,0.000000
1.540921,0.999554,0.029857,-0.999554,-0.029857,0.000000,0.000000
1.547211,0.999722,0.023577,-0.999722,-0.023577,0.000000,0.000000
1.553500,0.999850,0.017293,-0.999850,-0.017293,0.000000,0.000000
1.559790,0.999939,0.011006,-0.999939,-0.011006,0.000000,0.000000
1.566079,0.999989,0.004717,-0.999989,-0.004717,0.000000,0.000000
1.572369,0.999999,-0.001572,-0.999999,0.001572,0.000000,0.000000
1.578658,0.999969,-0.007862,-0.999969,0.007862,0.000000,0.000000
1.584948,0.999900,-0.014149,-0.999900,0.014149,0.000000,0.000000
1.591237,0.999791,-0.020435,-0.999791,0.020435,0.000000,0.000000
1.597527,0.999643,-0.026718,-0.999643,0.026718,0.000000,0.000000
1.603816,0.999455,-0.032996,-0.999455,0.032996,0.000000,0.000000
1.610106,0.999227,-0.039269,-0.999227,0.039269,0.000000,0.000000
1.616395,0.998961,-0.045536,-0.998961,0.045536,0.000000,0.000000
1.622684,0.998654,-0.051795,-0.998654,0.051795,0.000000,0.000000
1.628974,0.998308,-0.058046,-0.998308,0.058046,0.000000,0.000000
1.635263,0.997923,-0.064289,-0.997923,0.064289,0.000000,0.000000
1.641553,0.997498,-0.070521,-0.997498,0.070521,0.000000,0.000000
1.647842,0.997033,-0.076742,-0.997033,0.076742,0.000000,0.000000
1.654132,0.996530,-0.082950,-0.996530,0.082950,0.000000,0.000000
1.660421,0.995986,-0.089146,-0.995986,0.089146,0.000000,0.000000
1.666711,0.995404,-0.095327,-0.995404,0.095327,0.000000,0.000000
1.673000,0.994782,-0.101494,-0.994782,0.101494,0.000000,0.000000
1.679290,0.994120,-0.107644,-0.994120,0.107644,0.000000,0.000000
1.685579,0.993420,-0.113777,-0.993420,0.113777,0.000000,0.000000
1.691869,0.992680,-0.119893,-0.992680,0.119893,0.000000,0.000000
1.698158,0.991900,-0.125989,-0.991900,0.125989,0.000000,0.000000
1.704448,0.991082,-0.132065,-0.991082,0.132065,0.000000,0.000000
1.710737,0.990224,-0.138121,-0.990224,0.138121,0.000000,0.000000
1.717027,0.989327,-0.144155,-0.989327,0.144155,0.000000,0.000000
1.723316,0.988391,-0.150165,-0.988391,0.150165,0.000000,0.000000
1.729606,0.987416,-0.156153,-0.987416,0.156153,0.000000,0.000000
1.735895,0.986402,-0.162115,-0.986402,0.162115,0.000000,0.000000
1.742185,0.985349,-0.168052,-0.985349,0.168052,0.000000,0.000000
1.748474,0.984257,-0.173962,-0.984257,0.173962,0.000000,0.000000
1.754763,0.983126,-0.179844,-0.983126,0.179844,0.000000,0.000000
1.761053,0.981956,-0.185699,-0.981956,0.185699,0.000000,0.000000
1.767342,0.980747,-0.191523,-0.980747,0.191523,0.000000,0.000000
1.773632,0.979499,-0.197318,-0.979499,0.197318,0.000000,0.000000
1.779921,0.978213,-0.203081,-0.978213,0.203081,0.000000,0.000000
1.786211,0.976888,-0.208812,-0.976888,0.208812,0.000000,0.000000
1.792500,0.975524,-0.214510,-0.975524,0.214510,0.000000,0.000000
1.798790,0.974122,-0.220174,-0.974122,0.220174,0.000000,0.000000
1.805079,0.972681,-0.225804,-0.972681,0.225804,0.000000,0.000000
1.811369,0.971202,-0.231397,-0.971202,0.231397,0.000000,0.000000
1.817658,0.969684,-0.236954,-0.969684,0.236954,0.000000,0.000000
1.823948,0.968128,-0.242474,-0.968128,0.242474,0.000000,0.000000
1.830237,0.966534,-0.247955,-0.966534,0.247955,0.000000,0.000000
1.836527,0.964901,-0.253397,-0.964901,0.253397,0.000000,0.000000
1.842816,0.963230,-0.258798,-0.963230,0.258798,0.000000,0.000000
1.849106,0.961521,-0.264159,-0.961521,0.264159,0.000000,0.000000
1.855395,0.959774,-0.269478,-0.959774,0.269478,0.000000,0.000000
1.861685,0.957990,-0.274754,-0.957990,0.274754,0.000000,0.000000
1.867974,0.956167,-0.279987,-0.956167,0.279987,0.000000,0.000000
1.874263,0.954306,-0.285176,-0.954306,0.285176,0.000000,0.000000
1.880553,0.952408,-0.290319,-0.952408,0.290319,0.000000,0.000000
1.886842,0.950472,-0.295417,-0.950472,0.295417,0.000000,0.000000
1.893132,0.948498,-0.300468,-0.948498,0.300468,0.000000,0.000000
1.899421,0.946487,-0.305471,-0.946487,0.305471,0.000000,0.000000
1.905711,0.944438,-0.310426,-0.944438,0.310426,0.000000,0.000000
1.912000,0.942352,-0.315332,-0.942352,0.315332,0.000000,0.000000
1.918290,0.940229,-0.320188,-0.940229,0.320188,0.000000,0.000000
1.924579,0.938069,-0.324993,-0.938069,0.324993,0.000000,0.000000
1.930869,0.935871,-0.329747,-0.935871,0.329747,0.000000,0.000000
1.937158,0.933637,-0.334448,-0.933637,0.334448,0.000000,0.000000
1.943448,0.931365,-0.339097,-0.931365,0.339097,0.000000,0.000000
1.949737,0.929057,-0.343692,-0.929057,0.343692,0.000000,0.000000
1.956027,0.926712,-0.348233,-0.926712,0.348233,0.000000,0.000000
1.962316,0.924330,-0.352719,-0.924330,0.352719,0.000000,0.000000
1.968606,0.921912,-0.357148,-0.921912,0.357148,0.000000,0.000000
1.974895,0.919457,-0.361522,-0.919457,0.361522,0.000000,0.000000
1.981185,0.916966,-0.365838,-0.916966,0.365838,0.000000,0.000000
1.987474,0.914439,-0.370096,-0.914439,0.370096,0.000000,0.000000
1.993764,0.911875,-0.374295,-0.911875,0.374295,0.000000,0.000000
2.000053,0.909275,-0.378436,-0.909275,0.378436,0.000000,0.000000
2.006342,0.906640,-0.382516,-0.906640,0.382516,0.000000,0.000000
2.012632,0.903968,-0.386536,-0.903968,0.386536,0.000000,0.000000
2.018921,0.901261,-0.390495,-0.901261,0.390495,0.000000,0.000000
2.025211,0.898518,-0.394392,-0.898518,0.394392,0.000000,0.000000
2.031500,0.895740,-0.398227,-0.895740,0.398227,0.000000,0.000000
2.037790,0.892926,-0.401999,-0.892926,0.401999,0.000000,0.000000
2.044079,0.890077,-0.405707,-0.890077,0.405707,0.000000,0.000000
2.050369,0.887192,-0.409350,-0.887192,0.409350,0.000000,0.000000
2.056658,0.884273,-0.412929,-0.884273,0.412929,0.000000,0.000000
2.062948,0.881318,-0.416443,-0.881318,0.416443,0.000000,0.000000
2.069237,0.878329,-0.419891,-0.878329,0.419891,0.000000,0.000000
2.075527,0.875305,-0.423272,-0.875305,0.423272,0.000000,0.000000
2.081816,0.872246,-0.426587,-0.872246,0.426587,0.000000,0.000000
2.088106,0.869153,-0.429834,-0.869153,0.429834,0.000000,0.000000
2.094395,0.866025,-0.433013,-0.866025,0.433013,0.000000,0.000000
2.100685,0.862864,-0.436123,-0.862864,0.436123,0.000000,0.000000
2.106974,0.859668,-0.439164,-0.859668,0.439164,0.000000,0.000000
2.113264,0.856438,-0.442136,-0.856438,0.442136,0.000000,0.000000
2.119553,0.853174,-0.445038,-0.853174,0.445038,0.000000,0.000000
2.125842,0.849876,-0.447870,-0.849876,0.447870,0.000000,0.000000
2.132132,0.846545,-0.450631,-0.846545,0.450631,0.000000,0.000000
2.138421,0.843180,-0.453320,-0.843180,0.453320,0.000000,0.000000
2.144711,0.839782,-0.455938,-0.839782,0.455938,0.000000,0.000000
2.151000,0.836351,-0.458483,-0.836351,0.458483,0.000000,0.000000
2.157290,0.832886,-0.460956,-0.832886,0.460956,0.000000,0.000000
2.163579,0.829389,-0.463356,-0.829389,0.463356,0.000000,0.000000
2.169869,0.825859,-0.465683,-0.825859,0.465683,0.000000,0.000000
2.176158,0.822296,-0.467936,-0.822296,0.467936,0.000000,0.000000
2.182448,0.818701,-0.470115,-0.818701,0.470115,0.000000,0.000000
2.188737,0.815073,-0.472219,-0.815073,0.472219,0.000000,0.000000
2.195027,0.811413,-0.474249,-0.811413,0.474249,0.000000,0.000000
2.201316,0.807721,-0.476204,-0.807721,0.476204,0.000000,0.000000
2.207606,0.803997,-0.478083,-0.803997,0.478083,0.000000,0.000000
2.213895,0.800241,-0.479887,-0.800241,0.479887,0.000000,0.000000
2.220185,0.796454,-0.481615,-0.796454,0.481615,0.000000,0.000000
2.226474,0.792635,-0.483267,-0.792635,0.483267,0.000000,0.000000
2.232764,0.788785,-0.484842,-0.788785,0.484842,0.000000,0.000000
2.239053,0.784903,-0.486341,-0.784903,0.486341,0.000000,0.000000
2.245342,0.780990,-0.487762,-0.780990,0.487762,0.000000,0.000000
2.251632,0.777047,-0.489106,-0.777047,0.489106,0.000000,0.000000
2.257921,0.773073,-0.490373,-0.773073,0.490373,0.000000,0.000000
2.264211,0.769068,-0.491563,-0.769068,0.491563,0.000000,0.000000
2.270500,0.765033,-0.492674,-0.765033,0.492674,0.000000,0.000000
2.276790,0.760967,-0.493708,-0.760967,0.493708,0.000000,0.000000
2.283079,0.756872,-0.494664,-0.756872,0.494664,0.000000,0.000000
2.289369,0.752746,-0.495541,-0.752746,0.495541,0.000000,0.000000
2.295658,0.748591,-0.496340,-0.748591,0.496340,0.000000,0.000000
2.301948,0.744406,-0.497060,-0.744406,0.497060,0.000000,0.000000
2.308237,0.740192,-0.497702,-0.740192,0.497702,0.000000,0.000000
2.314527,0.735948,-0.498265,-0.735948,0.498265,0.000000,0.000000
2.320816,0.731675,-0.498749,-0.731675,0.498749,0.000000,0.000000
2.327106,0.727374,-0.499154,-0.727374,0.499154,0.000000,0.000000
2.333395,0.723043,-0.499480,-0.723043,0.499480,0.000000,0.000000
2.339685,0.718684,-0.499727,-0.718684,0.499727,0.000000,0.000000
2.345974,0.714297,-0.499896,-0.714297,0.499896,0.000000,0.000000
2.352264,0.709881,-0.499985,-0.709881,0.499985,0.000000,0.000000
2.358553,0.705437,-0.499994,-0.705437,0.499994,0.000000,0.000000
2.364843,0.700965,-0.499925,-0.700965,0.499925,0.000000,0.000000
2.371132,0.696466,-0.499777,-0.696466,0.499777,0.000000,0.000000
2.377421,0.691939,-0.499549,-0.691939,0.499549,0.000000,0.000000
2.383711,0.687384,-0.499243,-0.687384,0.499243,0.000000,0.000000
2.390000,0.682803,-0.498858,-0.682803,0.498858,0.000000,0.000000
2.396290,0.678194,-0.498393,-0.678194,0.498393,0.000000,0.000000
2.402579,0.673559,-0.497850,-0.673559,0.497850,0.000000,0.000000
2.408869,0.668897,-0.497228,-0.668897,0.497228,0.000000,0.000000
2.415158,0.664208,-0.496527,-0.664208,0.496527,0.000000,0.000000
2.421448,0.659494,-0.495748,-0.659494,0.495748,0.000000,0.000000
2.427737,0.654753,-0.494890,-0.654753,0.494890,0.000000,0.000000
2.434027,0.649986,-0.493954,-0.649986,0.493954,0.000000,0.000000
2.440316,0.645193,-0.492940,-0.645193,0.492940,0.000000,0.000000
2.446606,0.640375,-0.491848,-0.640375,0.491848,0.000000,0.000000
2.452895,0.635532,-0.490678,-0.635532,0.490678,0.000000,0.000000
2.459185,0.630664,-0.489430,-0.630664,0.489430,0.000000,0.000000
2.465474,0.625770,-0.488105,-0.625770,0.488105,0.000000,0.000000
2.471764,0.620852,-0.486703,-0.620852,0.486703,0.000000,0.000000
2.478053,0.615909,-0.485224,-0.615909,0.485224,0.000000,0.000000
2.484343,0.610942,-0.483668,-0.610942,0.483668,0.000000,0.000000
2.490632,0.605951,-0.482035,-0.605951,0.482035,0.000000,0.000000
2.496921,0.600936,-0.480326,-0.600936,0.480326,0.000000,0.000000
2.503211,0.595897,-0.478541,-0.595897,0.478541,0.000000,0.000000
2.509500,0.590834,-0.476681,-0.590834,0.476681,0.000000,0.000000
2.515790,0.585748,-0.474745,-0.585748,0.474745,0.000000,0.000000
2.522079,0.580639,-0.472734,-0.580639,0.472734,0.000000,0.000000
2.528369,0.575507,-0.470648,-0.575507,0.470648,0.000000,0.000000
2.534658,0.570352,-0.468487,-0.570352,0.468487,0.000000,0.000000
2.540948,0.565175,-0.466253,-0.565175,0.466253,0.000000,0.000000
2.547237,0.559975,-0.463945,-0.559975,0.463945,0.000000,0.000000
2.553527,0.554753,-0.461563,-0.554753,0.461563,0.000000,0.000000
2.559816,0.549509,-0.459108,-0.549509,0.459108,0.000000,0.000000
2.566106,0.544243,-0.456581,-0.544243,0.456581,0.000000,0.000000
2.572395,0.538956,-0.453981,-0.538956,0.453981,0.000000,0.000000
2.578685,0.533648,-0.451310,-0.533648,0.451310,0.000000,0.000000
2.584974,0.528318,-0.448567,-0.528318,0.448567,0.000000,0.000000
2.591264,0.522968,-0.445753,-0.522968,0.445753,0.000000,0.000000
2.597553,0.517597,-0.442868,-0.517597,0.442868,0.000000,0.000000
2.603843,0.512205,-0.439914,-0.512205,0.439914,0.000000,0.000000
2.610132,0.506793,-0.436890,-0.506793,0.436890,0.000000,0.000000
2.616422,0.501361,-0.433797,-0.501361,0.433797,0.000000,0.000000
2.622711,0.495909,-0.430635,-0.495909,0.430635,0.000000,0.000000
2.629000,0.490438,-0.427405,-0.490438,0.427405,0.000000,0.000000
2.635290,0.484947,-0.424107,-0.484947,0.424107,0.000000,0.000000
2.641579,0.479437,-0.420743,-0.479437,0.420743,0.000000,0.000000
2.647869,0.473908,-0.417311,-0.473908,0.417311,0.000000,0.000000
2.654158,0.468361,-0.413814,-0.468361,0.413814,0.000000,0.000000
2.660448,0.462794,-0.410251,-0.462794,0.410251,0.000000,0.000000
2.666737,0.457210,-0.406624,-0.457210,0.406624,0.000000,0.000000
2.673027,0.451607,-0.402932,-0.451607,0.402932,0.000000,0.000000
2.679316,0.445987,-0.399176,-0.445987,0.399176,0.000000,0.000000
2.685606,0.440349,-0.395357,-0.440349,0.395357,0.000000,0.000000
2.691895,0.434693,-0.391475,-0.434693,0.391475,0.000000,0.000000
2.698185,0.429020,-0.387532,-0.429020,0.387532,0.000000,0.000000
2.704474,0.423331,-0.383527,-0.423331,0.383527,0.000000,0.000000
2.710764,0.417624,-0.379462,-0.417624,0.379462,0.000000,0.000000
2.717053,0.411901,-0.375336,-0.411901,0.375336,0.000000,0.000000
2.723343,0.406162,-0.371151,-0.406162,0.371151,0.000000,0.000000
2.729632,0.400407,-0.366908,-0.400407,0.366908,0.000000,0.000000
2.735922,0.394636,-0.362606,-0.394636,0.362606,0.000000,0.000000
2.742211,0.388849,-0.358247,-0.388849,0.358247,0.000000,0.000000
2.748500,0.383047,-0.353831,-0.383047,0.353831,0.000000,0.000000
2.754790,0.377229,-0.349360,-0.377229,0.349360,0.000000,0.000000
2.761079,0.371397,-0.344833,-0.371397,0.344833,0.000000,0.000000
2.767369,0.365550,-0.340251,-0.365550,0.340251,0.000000,0.000000
2.773658,0.359689,-0.335616,-0.359689,0.335616,0.000000,0.000000
2.779948,0.353813,-0.330927,-0.353813,0.330927,0.000000,0.000000
2.786237,0.347924,-0.326186,-0.347924,0.326186,0.000000,0.000000
2.792527,0.342020,-0.321394,-0.342020,0.321394,0.000000,0.000000
2.798816,0.336103,-0.316550,-0.336103,0.316550,0.000000,0.000000
2.805106,0.330173,-0.311657,-0.330173,0.311657,0.000000,0.000000
2.811395,0.324230,-0.306714,-0.324230,0.306714,0.000000,0.000000
2.817685,0.318274,-0.301723,-0.318274,0.301723,0.000000,0.000000
2.823974,0.312305,-0.296684,-0.312305,0.296684,0.000000,0.000000
2.830264,0.306324,-0.291598,-0.306324,0.291598,0.000000,0.000000
2.836553,0.300331,-0.286466,-0.300331,0.286466,0.000000,0.000000
2.842843,0.294326,-0.281289,-0.294326,0.281289,0.000000,0.000000
2.849132,0.288309,-0.276067,-0.288309,0.276067,0.000000,0.000000
2.855422,0.282281,-0.270801,-0.282281,0.270801,0.000000,0.000000
2.861711,0.276242,-0.265493,-0.276242,0.265493,0.000000,0.000000
2.868001,0.270192,-0.260142,-0.270192,0.260142,0.000000,0.000000
2.874290,0.264131,-0.254751,-0.264131,0.254751,0.000000,0.000000
2.880579,0.258060,-0.249319,-0.258060,0.249319,0.000000,0.000000
2.886869,0.251978,-0.243847,-0.251978,0.243847,0.000000,0.000000
2.893158,0.245887,-0.238338,-0.245887,0.238338,0.000000,0.000000
2.899448,0.239785,-0.232790,-0.239785,0.232790,0.000000,0.000000
2.905737,0.233675,-0.227205,-0.233675,0.227205,0.000000,0.000000
2.912027,0.227555,-0.221585,-0.227555,0.221585,0.000000,0.000000
2.918316,0.221426,-0.215929,-0.221426,0.215929,0.000000,0.000000
2.924606,0.215288,-0.210240,-0.215288,0.210240,0.000000,0.000000
2.930895,0.209142,-0.204517,-0.209142,0.204517,0.000000,0.000000
2.937185,0.202987,-0.198762,-0.202987,0.198762,0.000000,0.000000
2.943474,0.196825,-0.192975,-0.196825,0.192975,0.000000,0.000000
2.949764,0.190655,-0.187157,-0.190655,0.187157,0.000000,0.000000
2.956053,0.184477,-0.181311,-0.184477,0.181311,0.000000,0.000000
2.962343,0.178292,-0.175435,-0.178292,0.175435,0.000000,0.000000
2.968632,0.172099,-0.169532,-0.172099,0.169532,0.000000,0.000000
2.974922,0.165900,-0.163602,-0.165900,0.163602,0.000000,0.000000
2.981211,0.159695,-0.157645,-0.159695,0.157645,0.000000,0.000000
2.987501,0.153483,-0.151664,-0.153483,0.151664,0.000000,0.000000
2.993790,0.147265,-0.145659,-0.147265,0.145659,0.000000,0.000000
3.000079,0.141041,-0.139631,-0.141041,0.139631,0.000000,0.000000
3.006369,0.134812,-0.133581,-0.134812,0.133581,0.000000,0.000000
3.012658,0.128577,-0.127510,-0.128577,0.127510,0.000000,0.000000
3.018948,0.122338,-0.121419,-0.122338,0.121419,0.000000,0.000000
3.025237,0.116093,-0.115308,-0.116093,0.115308,0.000000,0.000000
3.031527,0.109844,-0.109179,-0.109844,0.109179,0.000000,0.000000
3.037816,0.103590,-0.103033,-0.103590,0.103033,0.000000,0.000000
3.044106,0.097333,-0.096870,-0.097333,0.096870,0.000000,0.000000
3.050395,0.091071,-0.090693,-0.091071,0.090693,0.000000,0.000000
3.056685,0.084806,-0.084500,-0.084806,0.084500,0.000000,0.000000
3.062974,0.078537,-0.078295,-0.078537,0.078295,0.000000,0.000000
3.069264,0.072266,-0.072077,-0.072266,0.072077,0.000000,0.000000
3.075553,0.065991,-0.065848,-0.065991,0.065848,0.000000,0.000000
3.081843,0.059714,-0.059608,-0.059714,0.059608,0.000000,0.000000
3.088132,0.053435,-0.053359,-0.053435,0.053359,0.000000,0.000000
3.094422,0.047154,-0.047101,-0.047154,0.047101,0.000000,0.000000
3.100711,0.040870,-0.040836,-0.040870,0.040836,0.000000,0.000000
3.107001,0.034585,-0.034565,-0.034585,0.034565,0.000000,0.000000
3.113290,0.028299,-0.028288,-0.028299,0.028288,0.000000,0.000000
3.119579,0.022011,-0.022006,-0.022011,0.022006,0.000000,0.000000
3.125869,0.015723,-0.015721,-0.015723,0.015721,0.000000,0.000000
3.132158,0.009434,-0.009434,-0.009434,0.009434,0.000000,0.000000
3.138448,0.003145,-0.003145,-0.003145,0.003145,0.000000,0.000000
3.144737,-0.003145,0.003145,0.003145,-0.003145,0.000000,0.000000
3.151027,-0.009434,0.009434,0.009434,-0.009434,0.000000,0.000000
3.157316,-0.015723,0.015721,0.015723,-0.015721,0.000000,0.000000
3.163606,-0.022011,0.022006,0.022011,-0.022006,0.000000,0.000000
3.169895,-0.028299,0.028288,0.028299,-0.028288,0.000000,0.000000
3.176185,-0.034585,0.034565,0.034585,-0.034565,0.000000,0.000000
3.182474,-0.040870,0.040836,0.040870,-0.040836,0.000000,0.000000
3.188764,-0.047154,0.047101,0.047154,-0.047101,0.000000,0.000000
3.195053,-0.053435,0.053359,0.053435,-0.053359,0.000000,0.000000
3.201343,-0.059714,0.059608,0.059714,-0.059608,0.000000,0.000000
3.207632,-0.065991,0.065848,0.065991,-0.065848,0.000000,0.000000
3.213922,-0.072266,0.072077,0.072266,-0.072077,0.000000,0.000000
3.220211,-0.078537,0.078295,0.078537,-0.078295,0.000000,0.000000
3.226501,-0.084806,0.084500,0.084806,-0.084500,0.000000,0.000000
3.232790,-0.091071,0.090693,0.091071,-0.090693,0.000000,0.000000
3.239080,-0.097333,0.096870,0.097333,-0.096870,0.000000,0.000000
3.245369,-0.103590,0.103033,0.103590,-0.103033,0.000000,0.000000
3.251658,-0.109844,0.109179,0.109844,-0.109179,0.000000,0.000000
3.257948,-0.116093,0.115308,0.116093,-0.115308,0.000000,0.000000
3.264237,-0.122338,0.121419,0.122338,-0.121419,0.000000,0.000000
3.270527,-0.128577,0.127510,0.128577,-0.127510,0.000000,0.000000
3.276816,-0.134812,0.133581,0.134812,-0.133581,0.000000,0.000000
3.283106,-0.141041,0.139631,0.141041,-0.139631,0.000000,0.000000
3.289395,-0.147265,0.145659,0.147265,-0.145659,0.000000,0.000000
3.295685,-0.153483,0.151664,0.153483,-0.151664,0.000000,0.000000
3.301974,-0.159695,0.157645,0.159695,-0.157645,0.000000,0.000000
3.308264,-0.165900,0.163602,0.165900,-0.163602,0.000000,0.000000
3.314553,-0.172099,0.169532,0.172099,-0.169532,0.000000,0.000000
3.320843,-0.178292,0.175435,0.178292,-0.175435,0.000000,0.000000
3.327132,-0.184477,0.181311,0.184477,-0.181311,0.000000,0.000000
3.333422,-0.190655,0.187157,0.190655,-0.187157,0.000000,0.000000
3.339711,-0.196825,0.192975,0.196825,-0.192975,0.000000,0.000000
3.346001,-0.202987,0.198762,0.202987,-0.198762,0.000000,0.000000
3.352290,-0.209142,0.204517,0.209142,-0.204517,0.000000,0.000000
3.358580,-0.215288,0.210240,0.215288,-0.210240,0.000000,0.000000
3.364869,-0.221426,0.215929,0.221426,-0.215929,0.000000,0.000000
3.371158,-0.227555,0.221585,0.227555,-0.221585,0.000000,0.000000
3.377448,-0.233675,0.227205,0.233675,-0.227205,0.000000,0.000000
3.383737,-0.239785,0.232790,0.239785,-0.232790,0.000000,0.000000
3.390027,-0.245887,0.238338,0.245887,-0.238338,0.000000,0.000000
3.396316,-0.251978,0.243847,0.251978,-0.243847,0.000000,0.000000
3.402606,-0.258060,0.249319,0.258060,-0.249319,0.000000,0.000000
3.408895,-0.264131,0.254751,0.264131,-0.254751,0.000000,0.000000
3.415185,-0.270192,0.260142,0.270192,-0.260142,0.000000,0.000000
3.421474,-0.276242,0.265493,0.276242,-0.265493,0.000000,0.000000
3.427764,-0.282281,0.270801,0.282281,-0.270801,0.000000,0.000000
3.434053,-0.288309,0.276067,0.288309,-0.276067,0.000000,0.000000
3.440343,-0.294326,0.281289,0.294326,-0.281289,0.000000,0.000000
3.446632,-0.300331,0.286466,0.300331,-0.286466,0.000000,0.000000
3.452922,-0.306324,0.291598,0.306324,-0.291598,0.000000,0.000000
3.459211,-0.312305,0.296684,0.312305,-0.296684,0.000000,0.000000
3.465501,-0.318274,0.301723,0.318274,-0.301723,0.000000,0.000000
3.471790,-0.324230,0.306714,0.324230,-0.306714,0.000000,0.000000
3.478080,-0.330173,0.311657,0.330173,-0.311657,0.000000,0.000000
3.484369,-0.336103,0.316550,0.336103,-0.316550,0.000000,0.000000
3.490659,-0.342020,0.321394,0.342020,-0.321394,0.000000,0.000000
3.496948,-0.347924,0.326186,0.347924,-0.326186,0.000000,0.000000
3.503237,-0.353813,0.330927,0.353813,-0.330927,0.000000,0.000000
3.509527,-0.359689,0.335616,0.359689,-0.335616,0.000000,0.000000
3.515816,-0.365550,0.340251,0.365550,-0.340251,0.000000,0.000000
3.522106,-0.371397,0.344833,0.371397,-0.344833,0.000000,0.000000
3.528395,-0.377229,0.349360,0.377229,-0.349360,0.000000,0.000000
3.534685,-0.383047,0.353831,0.383047,-0.353831,0.000000,0.000000
3.540974,-0.388849,0.358247,0.388849,-0.358247,0.000000,0.000000
3.547264,-0.394636,0.362606,0.394636,-0.362606,0.000000,0.000000
3.553553,-0.400407,0.366908,0.400407,-0.366908,0.000000,0.000000
3.559843,-0.406162,0.371151,0.406162,-0.371151,0.000000,0.000000
3.566132,-0.411901,0.375336,0.411901,-0.375336,0.000000,0.000000
3.572422,-0.417624,0.379462,0.417624,-0.379462,0.000000,0.000000
3.578711,-0.423331,0.383527,0.423331,-0.383527,0.000000,0.000000
3.585001,-0.429020,0.387532,0.429020,-0.387532,0.000000,0.000000
3.591290,-0.434693,0.391475,0.434693,-0.391475,0.000000,0.000000
3.597580,-0.440349,0.395357,0.440349,-0.395357,0.000000,0.000000
3.603869,-0.445987,0.399176,0.445987,-0.399176,0.000000,0.000000
3.610159,-0.451607,0.402932,0.451607,-0.402932,0.000000,0.000000
3.616448,-0.457210,0.406624,0.457210,-0.406624,0.000000,0.000000
3.622737,-0.462794,0.410251,0.462794,-0.410251,0.000000,0.000000
3.629027,-0.468361,0.413814,0.468361,-0.413814,0.000000,0.000000
3.635316,-0.473908,0.417311,0.473908,-0.417311,0.000000,0.000000
3.641606,-0.479437,0.420743,0.479437,-0.420743,0.000000,0.000000
3.647895,-0.484947,0.424107,0.484947,-0.424107,0.000000,0.000000
3.654185,-0.490438,0.427405,0.490438,-0.427405,0.000000,0.000000
3.660474,-0.495909,0.430635,0.495909,-0.430635,0.000000,0.000000
3.666764,-0.501361,0.433797,0.501361,-0.433797,0.000000,0.000000
3.673053,-0.506793,0.436890,0.506793,-0.436890,0.000000,0.000000
3.679343,-0.512205,0.439914,0.512205,-0.439914,0.000000,0.000000
3.685632,-0.517597,0.442868,0.517597,-0.442868,0.000000,0.000000
3.691922,-0.522968,0.445753,0.522968,-0.445753,0.000000,0.000000
3.698211,-0.528318,0.448567,0.528318,-0.448567,0.000000,0.000000
3.704501,-0.533648,0.451310,0.533648,-0.451310,0.000000,0.000000
3.710790,-0.538956,0.453981,0.538956,-0.453981,0.000000,0.000000
3.717080,-0.544243,0.456581,0.544243,-0.456581,0.000000,0.000000
3.723369,-0.549509,0.459108,0.549509,-0.459108,0.000000,0.000000
3.729659,-0.554753,0.461563,0.554753,-0.461563,0.000000,0.000000
3.735948,-0.559975,0.463945,0.559975,-0.463945,0.000000,0.000000
3.742237,-0.565175,0.466253,0.565175,-0.466253,0.000000,0.000000
3.748527,-0.570352,0.468487,0.570352,-0.468487,0.000000,0.000000
3.754816,-0.575507,0.470648,0.575507,-0.470648,0.000000,0.000000
3.761106,-0.580639,0.472734,0.580639,-0.472734,0.000000,0.000000
3.767395,-0.585748,0.474745,0.585748,-0.474745,0.000000,0.000000
3.773685,-0.590834,0.476681,0.590834,-0.476681,0.000000,0.000000
3.779974,-0.595897,0.478541,0.595897,-0.478541,0.000000,0.000000
3.786264,-0.600936,0.480326,0.600936,-0.480326,0.000000,0.000000
3.792553,-0.605951,0.482035,0.605951,-0.482035,0.000000,0.000000
3.798843,-0.610942,0.483668,0.610942,-0.483668,0.000000,0.000000
3.805132,-0.615909,0.485224,0.615909,-0.485224,0.000000,0.000000
3.811422,-0.620852,0.486703,0.620852,-0.486703,0.000000,0.000000
3.817711,-0.625770,0.488105,0.625770,-0.488105,0.000000,0.000000
3.824001,-0.630664,0.489430,0.630664,-0.489430,0.000000,0.000000
3.830290,-0.635532,0.490678,0.635532,-0.490678,0.000000,0.000000
3.836580,-0.640375,0.491848,0.640375,-0.491848,0.000000,0.000000
3.842869,-0.645193,0.492940,0.645193,-0.492940,0.000000,0.000000
3.849159,-0.649986,0.493954,0.649986,-0.493954,0.000000,0.000000
3.855448,-0.654753,0.494890,0.654753,-0.494890,0.000000,0.000000
3.861738,-0.659494,0.495748,0.659494,-0.495748,0.000000,0.000000
3.868027,-0.664208,0.496527,0.664208,-0.496527,0.000000,0.000000
3.874316,-0.668897,0.497228,0.668897,-0.497228,0.000000,0.000000
3.880606,-0.673559,0.497850,0.673559,-0.497850,0.000000,0.000000
3.886895,-0.678194,0.498393,0.678194,-0.498393,0.000000,0.000000
3.893185,-0.682803,0.498858,0.682803,-0.498858,0.000000,0.000000
3.899474,-0.687384,0.499243,0.687384,-0.499243,0.000000,0.000000
3.905764,-0.691939,0.499549,0.691939,-0.499549,0.000000,0.000000
3.912053,-0.696466,0.499777,0.696466,-0.499777,0.000000,0.000000
3.918343,-0.700965,0.499925,0.700965,-0.499925,0.000000,0.000000
3.924632,-0.705437,0.499994,0.705437,-0.499994,0.000000,0.000000
3.930922,-0.709881,0.499985,0.709881,-0.499985,0.000000,0.000000
3.937211,-0.714297,0.499896,0.714297,-0.499896,0.000000,0.000000
3.943501,-0.718684,0.499727,0.718684,-0.499727,0.000000,0.000000
3.949790,-0.723043,0.499480,0.723043,-0.499480,0.000000,0.000000
3.956080,-0.727374,0.499154,0.727374,-0.499154,0.000000,0.000000
3.962369,-0.731675,0.498749,0.731675,-0.498749,0.000000,0.000000
3.968659,-0.735948,0.498265,0.735948,-0.498265,0.000000,0.000000
3.974948,-0.740192,0.497702,0.740192,-0.497702,0.000000,0.000000
3.981238,-0.744406,0.497060,0.744406,-0.497060,0.000000,0.000000
3.987527,-0.748591,0.496340,0.748591,-0.496340,0.000000,0.000000
3.993816,-0.752746,0.495541,0.752746,-0.495541,0.000000,0.000000
4.000106,-0.756872,0.494664,0.756872,-0.494664,0.000000,0.000000
4.006395,-0.760967,0.493708,0.760967,-0.493708,0.000000,0.000000
4.012685,-0.765033,0.492674,0.765033,-0.492674,0.000000,0.000000
4.018974,-0.769068,0.491563,0.769068,-0.491563,0.000000,0.000000
4.025264,-0.773073,0.490373,0.773073,-0.490373,0.000000,0.000000
4.031553,-0.777047,0.489106,0.777047,-0.489106,0.000000,0.000000
4.037843,-0.780990,0.487762,0.780990,-0.487762,0.000000,0.000000
4.044132,-0.784903,0.486341,0.784903,-0.486341,0.000000,0.000000
4.050422,-0.788785,0.484842,0.788785,-0.484842,0.000000,0.000000
4.056711,-0.792635,0.483267,0.792635,-0.483267,0.000000,0.000000
4.063001,-0.796454,0.481615,0.796454,-0.481615,0.000000,0.000000
4.069290,-0.800241,0.479887,0.800241,-0.479887,0.000000,0.000000
4.075580,-0.803997,0.478083,0.803997,-0.478083,0.000000,0.000000
4.081869,-0.807721,0.476204,0.807721,-0.476204,0.000000,0.000000
4.088159,-0.811413,0.474249,0.811413,-0.474249,0.000000,0.000000
4.094448,-0.815073,0.472219,0.815073,-0.472219,0.000000,0.000000
4.100738,-0.818701,0.470115,0.818701,-0.470115,0.000000,0.000000
4.107027,-0.822296,0.467936,0.822296,-0.467936,0.000000,0.000000
4.113317,-0.825859,0.465683,0.825859,-0.465683,0.000000,0.000000
4.119606,-0.829389,0.463356,0.829389,-0.463356,0.000000,0.000000
4.125895,-0.832886,0.460956,0.832886,-0.460956,0.000000,0.000000
4.132185,-0.836351,0.458483,0.836351,-0.458483,0.000000,0.000000
4.138474,-0.839782,0.455938,0.839782,-0.455938,0.000000,0.000000
4.144764,-0.843180,0.453320,0.843180,-0.453320,0.000000,0.000000
4.151053,-0.846545,0.450631,0.846545,-0.450631,0.000000,0.000000
4.157343,-0.849876,0.447870,0.849876,-0.447870,0.000000,0.000000
4.163632,-0.853174,0.445038,0.853174,-0.445038,0.000000,0.000000
4.169922,-0.856438,0.442136,0.856438,-0.442136,0.000000,0.000000
4.176211,-0.859668,0.439164,0.859668,-0.439164,0.000000,0.000000
4.182501,-0.862864,0.436123,0.862864,-0.436123,0.000000,0.000000
4.188790,-0.866025,0.433013,0.866025,-0.433013,0.000000,0.000000
4.195080,-0.869153,0.429834,0.869153,-0.429834,0.000000,0.000000
4.201369,-0.872246,0.426587,0.872246,-0.426587,0.000000,0.000000
4.207659,-0.875305,0.423272,0.875305,-0.423272,0.000000,0.000000
4.213948,-0.878329,0.419891,0.878329,-0.419891,0.000000,0.000000
4.220238,-0.881318,0.416443,0.881318,-0.416443,0.000000,0.000000
4.226527,-0.884273,0.412929,0.884273,-0.412929,0.000000,0.000000
4.232817,-0.887192,0.409350,0.887192,-0.409350,0.000000,0.000000
4.239106,-0.890077,0.405707,0.890077,-0.405707,0.000000,0.000000
4.245395,-0.892926,0.401999,0.892926,-0.401999,0.000000,0.000000
4.251685,-0.895740,0.398227,0.895740,-0.398227,0.000000,0.000000
4.257974,-0.898518,0.394392,0.898518,-0.394392,0.000000,0.000000
4.264264,-0.901261,0.390495,0.901261,-0.390495,0.000000,0.000000
4.270553,-0.903968,0.386536,0.903968,-0.386536,0.000000,0.000000
4.276843,-0.906640,0.382516,0.906640,-0.382516,0.000000,0.000000
4.283132,-0.909275,0.378436,0.909275,-0.378436,0.000000,0.000000
4.289422,-0.911875,0.374295,0.911875,-0.374295,0.000000,0.000000
4.295711,-0.914439,0.370096,0.914439,-0.370096,0.000000,0.000000
4.302001,-0.916966,0.365838,0.916966,-0.365838,0.000000,0.000000
4.308290,-0.919457,0.361522,0.919457,-0.361522,0.000000,0.000000
4.314580,-0.921912,0.357148,0.921912,-0.357148,0.000000,0.000000
4.320869,-0.924330,0.352719,0.924330,-0.352719,0.000000,0.000000
4.327159,-0.926712,0.348233,0.926712,-0.348233,0.000000,0.000000
4.333448,-0.929057,0.343692,0.929057,-0.343692,0.000000,0.000000
4.339738,-0.931365,0.339097,0.931365,-0.339097,0.000000,0.000000
4.346027,-0.933637,0.334448,0.933637,-0.334448,0.000000,0.000000
4.352317,-0.935871,0.329747,0.935871,-0.329747,0.000000,0.000000
4.358606,-0.938069,0.324993,0.938069,-0.324993,0.000000,0.000000
4.364895,-0.940229,0.320188,0.940229,-0.320188,0.000000,0.000000
4.371185,-0.942352,0.315332,0.942352,-0.315332,0.000000,0.000000
4.377474,-0.944438,0.310426,0.944438,-0.310426,0.000000,0.000000
4.383764,-0.946487,0.305471,0.946487,-0.305471,0.000000,0.000000
4.390053,-0.948498,0.300468,0.948498,-0.300468,0.000000,0.000000
4.396343,-0.950472,0.295417,0.950472,-0.295417,0.000000,0.000000
4.402632,-0.952408,0.290319,0.952408,-0.290319,0.000000,0.000000
4.408922,-0.954306,0.285176,0.954306,-0.285176,0.000000,0.000000
4.415211,-0.956167,0.279987,0.956167,-0.279987,0.000000,0.000000
4.421501,-0.957990,0.274754,0.957990,-0.274754,0.000000,0.000000
4.427790,-0.959774,0.269478,0.959774,-0.269478,0.000000,0.000000
4.434080,-0.961521,0.264159,0.961521,-0.264159,0.000000,0.000000
4.440369,-0.963230,0.258798,0.963230,-0.258798,0.000000,0.000000
4.446659,-0.964901,0.253397,0.964901,-0.253397,0.000000,0.000000
4.452948,-0.966534,0.247955,0.966534,-0.247955,0.000000,0.000000
4.459238,-0.968128,0.242474,0.968128,-0.242474,0.000000,0.000000
4.465527,-0.969684,0.236954,0.969684,-0.236954,0.000000,0.000000
4.471817,-0.971202,0.231397,0.971202,-0.231397,0.000000,0.000000
4.478106,-0.972681,0.225804,0.972681,-0.225804,0.000000,0.000000
4.484396,-0.974122,0.220174,0.974122,-0.220174,0.000000,0.000000
4.490685,-0.975524,0.214510,0.975524,-0.214510,0.000000,0.000000
4.496974,-0.976888,0.208812,0.976888,-0.208812,0.000000,0.000000
4.503264,-0.978213,0.203081,0.978213,-0.203081,0.000000,0.000000
4.509553,-0.979499,0.197318,0.979499,-0.197318,0.000000,0.000000
4.515843,-0.980747,0.191523,0.980747,-0.191523,0.000000,0.000000
4.522132,-0.981956,0.185699,0.981956,-0.185699,0.000000,0.000000
4.528422,-0.983126,0.179844,0.983126,-0.179844,0.000000,0.000000
4.534711,-0.984257,0.173962,0.984257,-0.173962,0.000000,0.000000
4.541001,-0.985349,0.168052,0.985349,-0.168052,0.000000,0.000000
4.547290,-0.986402,0.162115,0.986402,-0.162115,0.000000,0.000000
4.553580,-0.987416,0.156153,0.987416,-0.156153,0.000000,0.000000
4.559869,-0.988391,0.150165,0.988391,-0.150165,0.000000,0.000000
4.566159,-0.989327,0.144155,0.989327,-0.144155,0.000000,0.000000
4.572448,-0.990224,0.138121,0.990224,-0.138121,0.000000,0.000000
4.578738,-0.991082,0.132065,0.991082,-0.132065,0.000000,0.000000
4.585027,-0.991900,0.125989,0.991900,-0.125989,0.000000,0.000000
4.591317,-0.992680,0.119893,0.992680,-0.119893,0.000000,0.000000
4.597606,-0.993420,0.113777,0.993420,-0.113777,0.000000,0.000000
4.603896,-0.994120,0.107644,0.994120,-0.107644,0.000000,0.000000
4.610185,-0.994782,0.101494,0.994782,-0.101494,0.000000,0.000000
4.616474,-0.995404,0.095327,0.995404,-0.095327,0.000000,0.000000
4.622764,-0.995986,0.089146,0.995986,-0.089146,0.000000,0.000000
4.629053,-0.996530,0.082950,0.996530,-0.082950,0.000000,0.000000
4.635343,-0.997033,0.076742,0.997033,-0.076742,0.000000,0.000000
4.641632,-0.997498,0.070521,0.997498,-0.070521,0.000000,0.000000
4.647922,-0.997923,0.064289,0.997923,-0.064289,0.000000,0.000000
4.654211,-0.998308,0.058046,0.998308,-0.058046,0.000000,0.000000
4.660501,-0.998654,0.051795,0.998654,-0.051795,0.000000,0.000000
4.666790,-0.998961,0.045536,0.998961,-0.045536,0.000000,0.000000
4.673080,-0.999227,0.039269,0.999227,-0.039269,0.000000,0.000000
4.679369,-0.999455,0.032996,0.999455,-0.032996,0.000000,0.000000
4.685659,-0.999643,0.026718,0.999643,-0.026718,0.000000,0.000000
4.691948,-0.999791,0.020435,0.999791,-0.020435,0.000000,0.000000
4.698238,-0.999900,0.014149,0.999900,-0.014149,0.000000,0.000000
4.704527,-0.999969,0.007862,0.999969,-0.007862,0.000000,0.000000
4.710817,-0.999999,0.001572,0.999999,-0.001572,0.000000,0.000000
4.717106,-0.999989,-0.004717,0.999989,0.004717,0.000000,0.000000
4.723396,-0.999939,-0.011006,0.999939,0.011006,0.000000,0.000000
4.729685,-0.999850,-0.017293,0.999850,0.017293,0.000000,0.000000
4.735975,-0.999722,-0.023577,0.999722,0.023577,0.000000,0.000000
4.742264,-0.999554,-0.029857,0.999554,0.029857,0.000000,0.000000
4.748553,-0.999346,-0.036133,0.999346,0.036133,0.000000,0.000000
4.754843,-0.999099,-0.042403,0.999099,0.042403,0.000000,0.000000
4.761132,-0.998812,-0.048666,0.998812,0.048666,0.000000,0.000000
4.767422,-0.998486,-0.054922,0.998486,0.054922,0.000000,0.000000
4.773711,-0.998120,-0.061169,0.998120,0.061169,0.000000,0.000000
4.780001,-0.997715,-0.067406,0.997715,0.067406,0.000000,0.000000
4.786290,-0.997271,-0.073633,0.997271,0.073633,0.000000,0.000000
4.792580,-0.996786,-0.079847,0.996786,0.079847,0.000000,0.000000
4.798869,-0.996263,-0.086050,0.996263,0.086050,0.000000,0.000000
4.805159,-0.995700,-0.092238,0.995700,0.092238,0.000000,0.000000
4.811448,-0.995098,-0.098412,0.995098,0.098412,0.000000,0.000000
4.817738,-0.994456,-0.104571,0.994456,0.104571,0.000000,0.000000
4.824027,-0.993775,-0.110713,0.993775,0.110713,0.000000,0.000000
4.830317,-0.993055,-0.116837,0.993055,0.116837,0.000000,0.000000
4.836606,-0.992295,-0.122943,0.992295,0.122943,0.000000,0.000000
4.842896,-0.991496,-0.129030,0.991496,0.129030,0.000000,0.000000
4.849185,-0.990658,-0.135096,0.990658,0.135096,0.000000,0.000000
4.855475,-0.989781,-0.141141,0.989781,0.141141,0.000000,0.000000
4.861764,-0.988864,-0.147163,0.988864,0.147163,0.000000,0.000000
4.868053,-0.987909,-0.153162,0.987909,0.153162,0.000000,0.000000
4.874343,-0.986914,-0.159137,0.986914,0.159137,0.000000,0.000000
4.880632,-0.985880,-0.165087,0.985880,0.165087,0.000000,0.000000
4.886922,-0.984808,-0.171010,0.984808,0.171010,0.000000,0.000000
4.893211,-0.983696,-0.176907,0.983696,0.176907,0.000000,0.000000
4.899501,-0.982546,-0.182775,0.982546,0.182775,0.000000,0.000000
4.905790,-0.981356,-0.188615,0.981356,0.188615,0.000000,0.000000
4.912080,-0.980128,-0.194424,0.980128,0.194424,0.000000,0.000000
4.918369,-0.978861,-0.200203,0.978861,0.200203,0.000000,0.000000
4.924659,-0.977555,-0.205951,0.977555,0.205951,0.000000,0.000000
4.930948,-0.976211,-0.211665,0.976211,0.211665,0.000000,0.000000
4.937238,-0.974828,-0.217347,0.974828,0.217347,0.000000,0.000000
4.943527,-0.973406,-0.222993,0.973406,0.222993,0.000000,0.000000
4.949817,-0.971946,-0.228605,0.971946,0.228605,0.000000,0.000000
4.956106,-0.970448,-0.234180,0.970448,0.234180,0.000000,0.000000
4.962396,-0.968911,-0.239719,0.968911,0.239719,0.000000,0.000000
4.968685,-0.967336,-0.245219,0.967336,0.245219,0.000000,0.000000
4.974975,-0.965722,-0.250681,0.965722,0.250681,0.000000,0.000000
4.981264,-0.964070,-0.256102,0.964070,0.256102,0.000000,0.000000
4.987554,-0.962381,-0.261484,0.962381,0.261484,0.000000,0.000000
4.993843,-0.960653,-0.266824,0.960653,0.266824,0.000000,0.000000
5.000132,-0.958887,-0.272122,0.958887,0.272122,0.000000,0.000000
5.006422,-0.957083,-0.277376,0.957083,0.277376,0.000000,0.000000
5.012711,-0.955241,-0.282587,0.955241,0.282587,0.000000,0.000000
5.019001,-0.953362,-0.287753,0.953362,0.287753,0.000000,0.000000
5.025290,-0.951444,-0.292874,0.951444,0.292874,0.000000,0.000000
5.031580,-0.949490,-0.297948,0.949490,0.297948,0.000000,0.000000
5.037869,-0.947497,-0.302975,0.947497,0.302975,0.000000,0.000000
5.044159,-0.945467,-0.307955,0.945467,0.307955,0.000000,0.000000
5.050448,-0.943400,-0.312885,0.943400,0.312885,0.000000,0.000000
5.056738,-0.941296,-0.317766,0.941296,0.317766,0.000000,0.000000
5.063027,-0.939154,-0.322597,0.939154,0.322597,0.000000,0.000000
5.069317,-0.936975,-0.327376,0.936975,0.327376,0.000000,0.000000
5.075606,-0.934759,-0.332104,0.934759,0.332104,0.000000,0.000000
5.081896,-0.932506,-0.336779,0.932506,0.336779,0.000000,0.000000
5.088185,-0.930216,-0.341401,0.930216,0.341401,0.000000,0.000000
5.094475,-0.927889,-0.345969,0.927889,0.345969,0.000000,0.000000
5.100764,-0.925526,-0.350483,0.925526,0.350483,0.000000,0.000000
5.107054,-0.923126,-0.354940,0.923126,0.354940,0.000000,0.000000
5.113343,-0.920689,-0.359342,0.920689,0.359342,0.000000,0.000000
5.119632,-0.918216,-0.363687,0.918216,0.363687,0.000000,0.000000
5.125922,-0.915707,-0.367974,0.915707,0.367974,0.000000,0.000000
5.132211,-0.913161,-0.372203,0.913161,0.372203,0.000000,0.000000
5.138501,-0.910580,-0.376373,0.910580,0.376373,0.000000,0.000000
5.144790,-0.907962,-0.380484,0.907962,0.380484,0.000000,0.000000
5.151080,-0.905308,-0.384534,0.905308,0.384534,0.000000,0.000000
5.157369,-0.902619,-0.388523,0.902619,0.388523,0.000000,0.000000
5.163659,-0.899894,-0.392452,0.899894,0.392452,0.000000,0.000000
5.169948,-0.897133,-0.396317,0.897133,0.396317,0.000000,0.000000
5.176238,-0.894337,-0.400121,0.894337,0.400121,0.000000,0.000000
5.182527,-0.891506,-0.403861,0.891506,0.403861,0.000000,0.000000
5.188817,-0.888639,-0.407537,0.888639,0.407537,0.000000,0.000000
5.195106,-0.885737,-0.411148,0.885737,0.411148,0.000000,0.000000
5.201396,-0.882800,-0.414695,0.882800,0.414695,0.000000,0.000000
5.207685,-0.879828,-0.418175,0.879828,0.418175,0.000000,0.000000
5.213975,-0.876821,-0.421590,0.876821,0.421590,0.000000,0.000000
5.220264,-0.873780,-0.424938,0.873780,0.424938,0.000000,0.000000
5.226554,-0.870704,-0.428219,0.870704,0.428219,0.000000,0.000000
5.232843,-0.867593,-0.431432,0.867593,0.431432,0.000000,0.000000
5.239132,-0.864449,-0.434576,0.864449,0.434576,0.000000,0.000000
5.245422,-0.861270,-0.437652,0.861270,0.437652,0.000000,0.000000
5.251711,-0.858057,-0.440659,0.858057,0.440659,0.000000,0.000000
5.258001,-0.854810,-0.443596,0.854810,0.443596,0.000000,0.000000
5.264290,-0.851529,-0.446463,0.851529,0.446463,0.000000,0.000000
5.270580,-0.848215,-0.449259,0.848215,0.449259,0.000000,0.000000
5.276869,-0.844867,-0.451984,0.844867,0.451984,0.000000,0.000000
5.283159,-0.841485,-0.454638,0.841485,0.454638,0.000000,0.000000
5.289448,-0.838071,-0.457219,0.838071,0.457219,0.000000,0.000000
5.295738,-0.834623,-0.459729,0.834623,0.459729,0.000000,0.000000
5.302027,-0.831142,-0.462165,0.831142,0.462165,0.000000,0.000000
5.308317,-0.827628,-0.464528,0.827628,0.464528,0.000000,0.000000
5.314606,-0.824082,-0.466818,0.824082,0.466818,0.000000,0.000000
5.320896,-0.820503,-0.469034,0.820503,0.469034,0.000000,0.000000
5.327185,-0.816891,-0.471176,0.816891,0.471176,0.000000,0.000000
5.333475,-0.813247,-0.473243,0.813247,0.473243,0.000000,0.000000
5.339764,-0.809571,-0.475236,0.809571,0.475236,0.000000,0.000000
5.346054,-0.805863,-0.477153,0.805863,0.477153,0.000000,0.000000
5.352343,-0.802123,-0.478995,0.802123,0.478995,0.000000,0.000000
5.358633,-0.798352,-0.480761,0.798352,0.480761,0.000000,0.000000
5.364922,-0.794548,-0.482450,0.794548,0.482450,0.000000,0.000000
5.371211,-0.790714,-0.484064,0.790714,0.484064,0.000000,0.000000
5.377501,-0.786848,-0.485601,0.786848,0.485601,0.000000,0.000000
5.383790,-0.782951,-0.487061,0.782951,0.487061,0.000000,0.000000
5.390080,-0.779023,-0.488444,0.779023,0.488444,0.000000,0.000000
5.396369,-0.775064,-0.489750,0.775064,0.489750,0.000000,0.000000
5.402659,-0.771074,-0.490978,0.771074,0.490978,0.000000,0.000000
5.408948,-0.767054,-0.492128,0.767054,0.492128,0.000000,0.000000
5.415238,-0.763004,-0.493201,0.763004,0.493201,0.000000,0.000000
5.421527,-0.758923,-0.494196,0.758923,0.494196,0.000000,0.000000
5.427817,-0.754813,-0.495112,0.754813,0.495112,0.000000,0.000000
5.434106,-0.750672,-0.495950,0.750672,0.495950,0.000000,0.000000
5.440396,-0.746502,-0.496710,0.746502,0.496710,0.000000,0.000000
5.446685,-0.742303,-0.497391,0.742303,0.497391,0.000000,0.000000
5.452975,-0.738074,-0.497993,0.738074,0.497993,0.000000,0.000000
5.459264,-0.733815,-0.498517,0.733815,0.498517,0.000000,0.000000
5.465554,-0.729528,-0.498961,0.729528,0.498961,0.000000,0.000000
5.471843,-0.725212,-0.499327,0.725212,0.499327,0.000000,0.000000
5.478133,-0.720867,-0.499614,0.720867,0.499614,0.000000,0.000000
5.484422,-0.716494,-0.499821,0.716494,0.499821,0.000000,0.000000
5.490711,-0.712092,-0.499950,0.712092,0.499950,0.000000,0.000000
5.497001,-0.707662,-0.499999,0.707662,0.499999,0.000000,0.000000
5.503290,-0.703205,-0.499970,0.703205,0.499970,0.000000,0.000000
5.509580,-0.698719,-0.499861,0.698719,0.499861,0.000000,0.000000
5.515869,-0.694206,-0.499673,0.694206,0.499673,0.000000,0.000000
5.522159,-0.689665,-0.499406,0.689665,0.499406,0.000000,0.000000
5.528448,-0.685097,-0.499060,0.685097,0.499060,0.000000,0.000000
5.534738,-0.680502,-0.498635,0.680502,0.498635,0.000000,0.000000
5.541027,-0.675880,-0.498131,0.675880,0.498131,0.000000,0.000000
5.547317,-0.671231,-0.497549,0.671231,0.497549,0.000000,0.000000
5.553606,-0.666556,-0.496887,0.666556,0.496887,0.000000,0.000000
5.559896,-0.661854,-0.496147,0.661854,0.496147,0.000000,0.000000
5.566185,-0.657126,-0.495329,0.657126,0.495329,0.000000,0.000000
5.572475,-0.652373,-0.494432,0.652373,0.494432,0.000000,0.000000
5.578764,-0.647593,-0.493457,0.647593,0.493457,0.000000,0.000000
5.585054,-0.642788,-0.492404,0.642788,0.492404,0.000000,0.000000
5.591343,-0.637957,-0.491273,0.637957,0.491273,0.000000,0.000000
5.597633,-0.633101,-0.490064,0.633101,0.490064,0.000000,0.000000
5.603922,-0.628220,-0.488778,0.628220,0.488778,0.000000,0.000000
5.610212,-0.623314,-0.487414,0.623314,0.487414,0.000000,0.000000
5.616501,-0.618384,-0.485973,0.618384,0.485973,0.000000,0.000000
5.622790,-0.613429,-0.484455,0.613429,0.484455,0.000000,0.000000
5.629080,-0.608450,-0.482861,0.608450,0.482861,0.000000,0.000000
5.635369,-0.603446,-0.481190,0.603446,0.481190,0.000000,0.000000
5.641659,-0.598419,-0.479443,0.598419,0.479443,0.000000,0.000000
5.647948,-0.593368,-0.477621,0.593368,0.477621,0.000000,0.000000
5.654238,-0.588294,-0.475722,0.588294,0.475722,0.000000,0.000000
5.660527,-0.583196,-0.473749,0.583196,0.473749,0.000000,0.000000
5.666817,-0.578076,-0.471700,0.578076,0.471700,0.000000,0.000000
5.673106,-0.572932,-0.469577,0.572932,0.469577,0.000000,0.000000
5.679396,-0.567766,-0.467379,0.567766,0.467379,0.000000,0.000000
5.685685,-0.562577,-0.465108,0.562577,0.465108,0.000000,0.000000
5.691975,-0.557367,-0.462763,0.557367,0.462763,0.000000,0.000000
5.698264,-0.552134,-0.460345,0.552134,0.460345,0.000000,0.000000
5.704554,-0.546879,-0.457853,0.546879,0.457853,0.000000,0.000000
5.710843,-0.541602,-0.455290,0.541602,0.455290,0.000000,0.000000
5.717133,-0.536305,-0.452654,0.536305,0.452654,0.000000,0.000000
5.723422,-0.530986,-0.449947,0.530986,0.449947,0.000000,0.000000
5.729712,-0.525646,-0.447169,0.525646,0.447169,0.000000,0.000000
5.736001,-0.520285,-0.444319,0.520285,0.444319,0.000000,0.000000
5.742290,-0.514903,-0.441400,0.514903,0.441400,0.000000,0.000000
5.748580,-0.509502,-0.438411,0.509502,0.438411,0.000000,0.000000
5.754869,-0.504080,-0.435352,0.504080,0.435352,0.000000,0.000000
5.761159,-0.498638,-0.432224,0.498638,0.432224,0.000000,0.000000
5.767448,-0.493176,-0.429028,0.493176,0.429028,0.000000,0.000000
5.773738,-0.487695,-0.425765,0.487695,0.425765,0.000000,0.000000
5.780027,-0.482195,-0.422433,0.482195,0.422433,0.000000,0.000000
5.786317,-0.476675,-0.419035,0.476675,0.419035,0.000000,0.000000
5.792606,-0.471137,-0.415571,0.471137,0.415571,0.000000,0.000000
5.798896,-0.465580,-0.412041,0.465580,0.412041,0.000000,0.000000
5.805185,-0.460004,-0.408446,0.460004,0.408446,0.000000,0.000000
5.811475,-0.454411,-0.404786,0.454411,0.404786,0.000000,0.000000
5.817764,-0.448799,-0.401062,0.448799,0.401062,0.000000,0.000000
5.824054,-0.443170,-0.397274,0.443170,0.397274,0.000000,0.000000
5.830343,-0.437523,-0.393424,0.437523,0.393424,0.000000,0.000000
5.836633,-0.431859,-0.389511,0.431859,0.389511,0.000000,0.000000
5.842922,-0.426178,-0.385537,0.426178,0.385537,0.000000,0.000000
5.849212,-0.420480,-0.381502,0.420480,0.381502,0.000000,0.000000
5.855501,-0.414765,-0.377406,0.414765,0.377406,0.000000,0.000000
5.861790,-0.409034,-0.373251,0.409034,0.373251,0.000000,0.000000
5.868080,-0.403286,-0.369037,0.403286,0.369037,0.000000,0.000000
5.874369,-0.397523,-0.364764,0.397523,0.364764,0.000000,0.000000
5.880659,-0.391744,-0.360434,0.391744,0.360434,0.000000,0.000000
5.886948,-0.385950,-0.356046,0.385950,0.356046,0.000000,0.000000
5.893238,-0.380140,-0.351602,0.380140,0.351602,0.000000,0.000000
5.899527,-0.374315,-0.347103,0.374315,0.347103,0.000000,0.000000
5.905817,-0.368475,-0.342549,0.368475,0.342549,0.000000,0.000000
5.912106,-0.362621,-0.337940,0.362621,0.337940,0.000000,0.000000
5.918396,-0.356753,-0.333278,0.356753,0.333278,0.000000,0.000000
5.924685,-0.350870,-0.328563,0.350870,0.328563,0.000000,0.000000
5.930975,-0.344974,-0.323796,0.344974,0.323796,0.000000,0.000000
5.937264,-0.339063,-0.318978,0.339063,0.318978,0.000000,0.000000
5.943554,-0.333140,-0.314110,0.333140,0.314110,0.000000,0.000000
5.949843,-0.327203,-0.309192,0.327203,0.309192,0.000000,0.000000
5.956133,-0.321253,-0.304225,0.321253,0.304225,0.000000,0.000000
5.962422,-0.315291,-0.299210,0.315291,0.299210,0.000000,0.000000
5.968712,-0.309316,-0.294147,0.309316,0.294147,0.000000,0.000000
5.975001,-0.303329,-0.289038,0.303329,0.289038,0.000000,0.000000
5.981291,-0.297330,-0.283883,0.297330,0.283883,0.000000,0.000000
5.987580,-0.291319,-0.278683,0.291319,0.278683,0.000000,0.000000
5.993869,-0.285297,-0.273439,0.285297,0.273439,0.000000,0.000000
6.000159,-0.279263,-0.268152,0.279263,0.268152,0.000000,0.000000
6.006448,-0.273218,-0.262823,0.273218,0.262823,0.000000,0.000000
6.012738,-0.267163,-0.257452,0.267163,0.257452,0.000000,0.000000
6.019027,-0.261097,-0.252040,0.261097,0.252040,0.000000,0.000000
6.025317,-0.255020,-0.246588,0.255020,0.246588,0.000000,0.000000
6.031606,-0.248934,-0.241097,0.248934,0.241097,0.000000,0.000000
6.037896,-0.242837,-0.235568,0.242837,0.235568,0.000000,0.000000
6.044185,-0.236731,-0.230002,0.236731,0.230002,0.000000,0.000000
6.050475,-0.230616,-0.224400,0.230616,0.224400,0.000000,0.000000
6.056764,-0.224491,-0.218762,0.224491,0.218762,0.000000,0.000000
6.063054,-0.218358,-0.213089,0.218358,0.213089,0.000000,0.000000
6.069343,-0.212216,-0.207382,0.212216,0.207382,0.000000,0.000000
6.075633,-0.206066,-0.201643,0.206066,0.201643,0.000000,0.000000
6.081922,-0.199907,-0.195872,0.199907,0.195872,0.000000,0.000000
6.088212,-0.193741,-0.190070,0.193741,0.190070,0.000000,0.000000
6.094501,-0.187567,-0.184238,0.187567,0.184238,0.000000,0.000000
6.100791,-0.181385,-0.178376,0.181385,0.178376,0.000000,0.000000
6.107080,-0.175196,-0.172487,0.175196,0.172487,0.000000,0.000000
6.113369,-0.169001,-0.166570,0.169001,0.166570,0.000000,0.000000
6.119659,-0.162799,-0.160627,0.162799,0.160627,0.000000,0.000000
6.125948,-0.156590,-0.154658,0.156590,0.154658,0.000000,0.000000
6.132238,-0.150375,-0.148665,0.150375,0.148665,0.000000,0.000000
6.138527,-0.144154,-0.142648,0.144154,0.142648,0.000000,0.000000
6.144817,-0.137927,-0.136609,0.137927,0.136609,0.000000,0.000000
6.151106,-0.131695,-0.130548,0.131695,0.130548,0.000000,0.000000
6.157396,-0.125458,-0.124467,0.125458,0.124467,0.000000,0.000000
6.163685,-0.119216,-0.118366,0.119216,0.118366,0.000000,0.000000
6.169975,-0.112969,-0.112246,0.112969,0.112246,0.000000,0.000000
6.176264,-0.106717,-0.106108,0.106717,0.106108,0.000000,0.000000
6.182554,-0.100462,-0.099954,0.100462,0.099954,0.000000,0.000000
6.188843,-0.094202,-0.093783,0.094202,0.093783,0.000000,0.000000
6.195133,-0.087939,-0.087598,0.087939,0.087598,0.000000,0.000000
6.201422,-0.081672,-0.081399,0.081672,0.081399,0.000000,0.000000
6.207712,-0.075402,-0.075187,0.075402,0.075187,0.000000,0.000000
6.214001,-0.069129,-0.068964,0.069129,0.068964,0.000000,0.000000
6.220291,-0.062853,-0.062729,0.062853,0.062729,0.000000,0.000000
6.226580,-0.056575,-0.056484,0.056575,0.056484,0.000000,0.000000
6.232870,-0.050295,-0.050231,0.050295,0.050231,0.000000,0.000000
6.239159,-0.044012,-0.043969,0.044012,0.043969,0.000000,0.000000
6.245448,-0.037728,-0.037701,0.037728,0.037701,0.000000,0.000000
6.251738,-0.031442,-0.031427,0.031442,0.031427,0.000000,0.000000
6.258027,-0.025155,-0.025147,0.025155,0.025147,0.000000,0.000000
6.264317,-0.018867,-0.018864,0.018867,0.018864,0.000000,0.000000
6.270606,-0.012579,-0.012578,0.012579,0.012578,0.000000,0.000000
6.276896,-0.006289,-0.006289,0.006289,0.006289,0.000000,0.000000
6.283185,-0.000000,-0.000000,0.000000,0.000000,0.000000,0.000000
